name,oversampler,proportion,balanced acc,precision,recall,f1_score,geometric mean,average precision
abalone,SVM_balance,0.3,0.7675478031529102,0.3461538461538461,0.6716417910447762,0.4568527918781726,0.7615324464304676,0.26439856832310804
abalone,Borderline_SMOTE1,0.3,0.62418629742852,0.3414634146341464,0.31343283582089554,0.32684824902723736,0.5413324486823264,0.1737408572553142
abalone,Random_SMOTE,0.7,0.6220613798477492,0.3474576271186441,0.3059701492537313,0.3253968253968254,0.5357673881822643,0.17375183606799766
abalone,RandomOverSampler,0.3,0.6075376131391237,0.3274336283185841,0.27611940298507465,0.29959514170040485,0.5091796552859021,0.1607516046545686
abalone,SMOTE,1.0,0.6132260384822874,0.2928571428571429,0.3059701492537313,0.29927007299270075,0.5306976472597642,0.15704571774918016
abalone,ADASYN,0.1,0.6003086974764731,0.2824427480916031,0.27611940298507465,0.279245283018868,0.5052443305996308,0.14832874966652165
abalone,synthsonic,0.3,0.5770514895402505,0.313953488372093,0.20149253731343286,0.24545454545454545,0.4381140205276667,0.14085174327361455
abalone,polynom_fit_SMOTE,0.7,0.5626955583528143,0.35,0.15671641791044774,0.21649484536082475,0.3896244716591383,0.1367941835420432
abalone,No Oversampling,0.0,0.5531079542048792,0.33962264150943394,0.13432835820895522,0.1925133689839572,0.3613198845651833,0.1297398786030715
