name,oversampler,proportion,balanced acc,precision,recall,f1_score,geometric mean,average precision
arrhythmia,Random_SMOTE,0.1,0.9267139479905436,0.6153846153846154,0.8888888888888888,0.7272727272727274,0.9259416862330891,0.5536752136752138
arrhythmia,SMOTE,0.5,0.9267139479905436,0.6153846153846154,0.8888888888888888,0.7272727272727274,0.9259416862330891,0.5536752136752138
arrhythmia,SVM_balance,0.5,0.9267139479905436,0.6153846153846154,0.8888888888888888,0.7272727272727274,0.9259416862330891,0.5536752136752138
arrhythmia,ADASYN,0.1,0.9231678486997636,0.5714285714285714,0.8888888888888888,0.6956521739130435,0.9225312080288852,0.5146031746031746
arrhythmia,Borderline_SMOTE1,0.1,0.9231678486997636,0.5714285714285714,0.8888888888888888,0.6956521739130435,0.9225312080288852,0.5146031746031746
arrhythmia,No Oversampling,0.0,0.9231678486997636,0.5714285714285714,0.8888888888888888,0.6956521739130435,0.9225312080288852,0.5146031746031746
arrhythmia,RandomOverSampler,0.3,0.9231678486997636,0.5714285714285714,0.8888888888888888,0.6956521739130435,0.9225312080288852,0.5146031746031746
arrhythmia,polynom_fit_SMOTE,0.1,0.9231678486997636,0.5714285714285714,0.8888888888888888,0.6956521739130435,0.9225312080288852,0.5146031746031746
arrhythmia,synthsonic,0.1,0.9231678486997636,0.5714285714285714,0.8888888888888888,0.6956521739130435,0.9225312080288852,0.5146031746031746
