name,oversampler,proportion,balanced acc,precision,recall,f1_score,geometric mean,average precision
car_eval_34,RandomOverSampler,0.3,0.99812734082397,0.9487179487179488,1.0,0.9736842105263158,0.9981255841064992,0.9487179487179488
car_eval_34,polynom_fit_SMOTE,1.0,0.99812734082397,0.9487179487179488,1.0,0.9736842105263158,0.9981255841064992,0.9487179487179488
car_eval_34,Random_SMOTE,0.1,0.9846138273104564,0.9473684210526316,0.972972972972973,0.96,0.98454501138406,0.9235151826174041
car_eval_34,synthsonic,0.1,0.99625468164794,0.902439024390244,1.0,0.9487179487179488,0.9962476415509752,0.902439024390244
car_eval_34,Borderline_SMOTE1,1.0,0.971100313796943,0.945945945945946,0.945945945945946,0.945945945945946,0.9707744729001364,0.8983163596217981
car_eval_34,SVM_balance,1.0,0.971100313796943,0.945945945945946,0.945945945945946,0.945945945945946,0.9707744729001364,0.8983163596217981
car_eval_34,SMOTE,1.0,0.971100313796943,0.9459459459459459,0.9459459459459459,0.9459459459459459,0.9707744729001364,0.8983163596217981
car_eval_34,No Oversampling,0.0,0.9575868002834296,0.9444444444444444,0.9189189189189192,0.9315068493150684,0.9568057666150622,0.8731218083232094
car_eval_34,ADASYN,0.1,0.9566504706954144,0.9189189189189192,0.9189189189189192,0.9189189189189192,0.9559060900958294,0.8496659200024563
