name,oversampler,proportion,balanced acc,precision,recall,f1_score,geometric mean,average precision
coil_2000,SVM_balance,0.7,0.5833517279437125,0.18181818181818185,0.23157894736842105,0.2037037037037037,0.4653548638848025,0.08713919283093607
coil_2000,RandomOverSampler,0.3,0.570326619300545,0.1945945945945946,0.18947368421052632,0.192,0.4245273778169163,0.08437209702315712
coil_2000,polynom_fit_SMOTE,0.1,0.5506863488997723,0.3333333333333333,0.11578947368421053,0.171875,0.337816759193948,0.090416355509378
coil_2000,synthsonic,1.0,0.5506966958681107,0.27710843373493976,0.12105263157894736,0.1684981684981685,0.3444892289479363,0.08505611784453962
coil_2000,SMOTE,0.5,0.5487204249154998,0.28205128205128205,0.11578947368421053,0.16417910447761194,0.3371422491848473,0.0844784337819826
coil_2000,No Oversampling,0.0,0.5469079809615782,0.2916666666666667,0.11052631578947368,0.1603053435114504,0.32966556074466025,0.08436515795967403
coil_2000,Random_SMOTE,0.3,0.5444402290128992,0.2857142857142857,0.10526315789473684,0.15384615384615385,0.3217742425547618,0.08251195539743869
coil_2000,Borderline_SMOTE1,0.1,0.5441125750155205,0.2777777777777778,0.10526315789473684,0.15267175572519082,0.3216670380731741,0.08167653350938522
coil_2000,ADASYN,0.1,0.5342415672208043,0.25,0.08421052631578947,0.12598425196850396,0.2878994865721196,0.07472320529887334
