name,oversampler,proportion,balanced acc,precision,recall,f1_score,geometric mean,average precision
isolet,RandomOverSampler,0.9,0.9412175480332884,0.925925925925926,0.8883248730964467,0.9067357512953368,0.9397301940790354,0.8310700391918666
isolet,SMOTE,0.9,0.9501077372194188,0.8994974874371859,0.9086294416243654,0.9040404040404041,0.9492019086151972,0.8243029067455769
isolet,SVM_balance,0.9,0.9501077372194188,0.8994974874371859,0.9086294416243654,0.904040404040404,0.9492019086151972,0.8243029067455769
isolet,Random_SMOTE,0.7,0.9403761513147356,0.9067357512953368,0.8883248730964467,0.8974358974358975,0.9389344867440736,0.8140229297484498
isolet,ADASYN,0.1,0.9391140562369066,0.8793969849246231,0.8883248730964467,0.8838383838383839,0.9377396597657904,0.7897372235815723
isolet,Borderline_SMOTE1,0.1,0.9109710444210486,0.9261363636363636,0.8274111675126904,0.8739946380697049,0.9071306359861496,0.7795045831213344
isolet,No Oversampling,0.0,0.8919285709709591,0.9567901234567902,0.7868020304568528,0.8635097493036212,0.8857115705430482,0.7691214281738817
isolet,polynom_fit_SMOTE,0.1,0.8963736655640241,0.940119760479042,0.7969543147208121,0.8626373626373626,0.8908431629611351,0.7647725150080844
