name,oversampler,proportion,balanced acc,precision,recall,f1_score,geometric mean,average precision
letter_img,polynom_fit_SMOTE,0.7,0.989461144960892,0.9957446808510638,0.9790794979079498,0.9873417721518988,0.9894066801835268,0.9756707779297472
letter_img,SVM_balance,0.3,0.9893825409678092,0.9915254237288136,0.9790794979079498,0.9852631578947368,0.9893288935817176,0.9715397897849496
letter_img,Borderline_SMOTE1,1.0,0.9873690947516872,0.9957264957264956,0.9748953974895398,0.9852008456659621,0.9872902998345412,0.9716382687512396
letter_img,SMOTE,0.1,0.9873690947516872,0.9957264957264956,0.9748953974895398,0.985200845665962,0.9872902998345412,0.9716382687512396
letter_img,Random_SMOTE,0.5,0.985277044542482,0.9957081545064378,0.9707112970711296,0.983050847457627,0.9851693730029212,0.9676057602258512
letter_img,synthsonic,0.1,0.985277044542482,0.9957081545064378,0.9707112970711296,0.983050847457627,0.9851693730029212,0.9676057602258512
letter_img,RandomOverSampler,0.3,0.9871332827724384,0.9831223628691984,0.9748953974895398,0.9789915966386556,0.9870574208833516,0.9593505576393137
letter_img,No Oversampling,0.0,0.9810143401309892,0.9913793103448276,0.9623430962343096,0.9766454352441614,0.9808366429706789,0.9554106714235122
letter_img,ADASYN,0.1,0.9809357361379064,0.9871244635193132,0.9623430962343096,0.9745762711864406,0.9807595180133768,0.951316048955444
