name,oversampler,proportion,balanced acc,precision,recall,f1_score,geometric mean,average precision
libras_move,No Oversampling,0.0,0.8333333333333333,1.0,0.6666666666666666,0.8,0.8164965809277259,0.6750700280112044
libras_move,RandomOverSampler,0.5,0.8333333333333333,1.0,0.6666666666666666,0.8,0.8164965809277259,0.6750700280112044
libras_move,SMOTE,0.1,0.8333333333333333,1.0,0.6666666666666666,0.8,0.8164965809277259,0.6750700280112044
libras_move,SVM_balance,0.1,0.8333333333333333,1.0,0.6666666666666666,0.8,0.8164965809277259,0.6750700280112044
libras_move,Borderline_SMOTE1,0.3,0.9913793103448276,0.6,1.0,0.7499999999999999,0.9913418283769,0.6
libras_move,polynom_fit_SMOTE,0.1,0.8290229885057472,0.6666666666666666,0.6666666666666666,0.6666666666666666,0.8129695813681377,0.4528478057889823
libras_move,Random_SMOTE,0.3,0.8247126436781609,0.5,0.6666666666666666,0.5714285714285715,0.8094272134003795,0.3417366946778712
libras_move,ADASYN,0.1,0.8204022988505747,0.4,0.6666666666666666,0.5,0.8058692743592609,0.2750700280112045
