name,oversampler,proportion,balanced acc,precision,recall,f1_score,geometric mean,average precision
mammography,Borderline_SMOTE1,0.3,0.8670766913518263,0.711340206185567,0.7419354838709677,0.7263157894736842,0.8579986403694723,0.534270842972106
mammography,RandomOverSampler,0.9,0.8413066996599067,0.7619047619047619,0.6881720430107527,0.7231638418079096,0.8272525248227353,0.5321785059158444
mammography,polynom_fit_SMOTE,0.1,0.8564629692720568,0.7127659574468085,0.7204301075268817,0.7165775401069518,0.8455908456574764,0.5205422168387603
mammography,synthsonic,0.3,0.8356524233893381,0.7411764705882353,0.6774193548387096,0.7078651685393259,0.8205347455979702,0.5102151651511935
mammography,SMOTE,0.1,0.8407508352908127,0.7272727272727273,0.6881720430107527,0.7071823204419889,0.8267899849348428,0.508345707889498
mammography,SVM_balance,0.1,0.8610055168044374,0.6732673267326733,0.7311827956989247,0.7010309278350516,0.8511618888627689,0.4990547183995369
mammography,Random_SMOTE,0.1,0.8452933828231933,0.6842105263157895,0.6989247311827957,0.6914893617021276,0.8325245467021676,0.4857976782264696
mammography,ADASYN,0.1,0.875744888139767,0.6228070175438597,0.7634408602150538,0.6859903381642513,0.8685141993167517,0.4814367695456878
mammography,No Oversampling,0.0,0.798990777433102,0.7887323943661971,0.6021505376344086,0.6829268292682926,0.7743643731597843,0.4849600189531511
