name,oversampler,proportion,balanced acc,precision,recall,f1_score,geometric mean,average precision
oil,Borderline_SMOTE1,0.1,0.7791136256482791,0.5,0.5714285714285714,0.5333333333333333,0.7509227389848864,0.29539170506912443
oil,SVM_balance,0.9,0.7791136256482791,0.5,0.5714285714285714,0.5333333333333333,0.7509227389848864,0.29539170506912443
oil,RandomOverSampler,0.3,0.7774634606317774,0.4444444444444444,0.5714285714285714,0.5,0.7496659636455172,0.2636456733230927
oil,Random_SMOTE,0.5,0.7774634606317774,0.4444444444444444,0.5714285714285714,0.5,0.7496659636455172,0.2636456733230927
oil,SMOTE,0.5,0.7774634606317774,0.4444444444444444,0.5714285714285714,0.5,0.7496659636455172,0.2636456733230927
oil,polynom_fit_SMOTE,0.1,0.7774634606317774,0.4444444444444444,0.5714285714285714,0.5,0.7496659636455172,0.2636456733230927
oil,No Oversampling,0.0,0.706034889203206,0.375,0.42857142857142855,0.4,0.6492297688695594,0.17361751152073732
