name,oversampler,proportion,balanced acc,precision,recall,f1_score,geometric mean,average precision
ozone_level,SVM_balance,0.9,0.6937655860349128,0.5833333333333334,0.4,0.4745762711864407,0.6285001740874303,0.2584229390681004
ozone_level,SMOTE,0.7,0.6801033131457072,0.5909090909090909,0.3714285714285713,0.456140350877193,0.6060201484914733,0.2457648683455136
ozone_level,Random_SMOTE,0.7,0.652778767367296,0.6111111111111112,0.3142857142857143,0.4150943396226415,0.5581599879434891,0.2207373271889401
ozone_level,ADASYN,0.1,0.6521553259707873,0.5789473684210527,0.3142857142857143,0.4074074074074073,0.557808833465231,0.21062872234349314
ozone_level,Borderline_SMOTE1,0.7,0.5975062344139651,0.6363636363636364,0.2,0.3043478260869565,0.4460969555663724,0.1607255349190833
ozone_level,RandomOverSampler,0.9,0.585090844317777,0.8571428571428571,0.17142857142857146,0.2857142857142857,0.4137811258293756,0.1815863262867871
ozone_level,polynom_fit_SMOTE,0.3,0.585090844317777,0.8571428571428571,0.17142857142857146,0.2857142857142857,0.4137811258293756,0.1815863262867871
ozone_level,No Oversampling,0.0,0.5422337014606341,0.75,0.08571428571428573,0.15384615384615385,0.2925874400009556,0.10251749445297832
