name,oversampler,proportion,balanced acc,precision,recall,f1_score,geometric mean,average precision
pen_digits,synthsonic,0.1,0.9984148497296768,0.997134670487106,0.997134670487106,0.997134670487106,0.998414028998912,0.9945531850455333
pen_digits,Borderline_SMOTE1,0.7,0.9955495202167828,0.9971181556195964,0.991404011461318,0.9942528735632185,0.995540889145707,0.9893738412564896
pen_digits,No Oversampling,0.0,0.9953970347029066,0.9942528735632185,0.991404011461318,0.9928263988522238,0.9953890256883144,0.9865331891318282
pen_digits,SMOTE,0.5,0.9953970347029066,0.9942528735632185,0.991404011461318,0.9928263988522238,0.9953890256883144,0.9865331891318282
pen_digits,polynom_fit_SMOTE,0.1,0.994116855460336,0.9971098265895952,0.988538681948424,0.9928057553956834,0.9941012052555904,0.9867841695671148
pen_digits,Random_SMOTE,1.0,0.9939643699464598,0.9942363112391932,0.988538681948424,0.9913793103448276,0.9939495614128568,0.9839435884900696
pen_digits,SVM_balance,0.5,0.9939643699464598,0.9942363112391932,0.988538681948424,0.9913793103448276,0.9939495614128568,0.9839435884900696
pen_digits,RandomOverSampler,0.5,0.9925317051900128,0.9942196531791908,0.98567335243553,0.9899280575539569,0.992508009441178,0.9813539883969412
pen_digits,ADASYN,0.1,0.9909465549196896,0.9913294797687862,0.982808022922636,0.9870503597122302,0.9909131339346221,0.975940369825108
