name,oversampler,proportion,balanced acc,precision,recall,f1_score,geometric mean,average precision
satimage,SMOTE,1.0,0.8340050753843857,0.7712765957446809,0.6904761904761905,0.7286432160804022,0.8215618813966024,0.563150762168072
satimage,ADASYN,0.1,0.8387968353485595,0.74,0.7047619047619048,0.7219512195121951,0.8280185797271635,0.5507140166801183
satimage,Random_SMOTE,0.3,0.8247424988804299,0.7704918032786885,0.6714285714285714,0.7175572519083969,0.8103672186785582,0.5498160864790484
satimage,Borderline_SMOTE1,0.9,0.8279370055232125,0.7486910994764397,0.6809523809523811,0.7132169576059849,0.8147853737362469,0.5413672429068648
satimage,synthsonic,0.9,0.8170771756978654,0.7582417582417582,0.6571428571428571,0.7040816326530612,0.8012715674443625,0.5321714605007583
satimage,RandomOverSampler,0.9,0.8207941483803552,0.7446808510638298,0.6666666666666666,0.7035175879396984,0.8061933722104326,0.5294105862082782
satimage,polynom_fit_SMOTE,0.7,0.8112404836542768,0.7758620689655172,0.6428571428571429,0.703125,0.7935730419196592,0.5340792073696808
satimage,No Oversampling,0.0,0.787401104642484,0.8051948051948052,0.5904761904761905,0.6813186813186813,0.7623785659190596,0.5159380033472044
satimage,SVM_balance,0.7,0.8647633975220183,0.5399361022364217,0.8047619047619048,0.6462715105162524,0.8626792883571404,0.4538232075920927
