name,oversampler,proportion,balanced acc,precision,recall,f1_score,geometric mean,average precision
solar_flare_m0,synthsonic,0.5,0.6626693002257336,0.21428571428571427,0.375,0.2727272727272727,0.5969731779312202,0.10214363523187052
solar_flare_m0,RandomOverSampler,0.9,0.6299379232505644,0.10526315789473684,0.375,0.1643835616438356,0.576045521150823,0.06126017658525399
solar_flare_m0,SVM_balance,1.0,0.5542466139954854,0.07894736842105263,0.1875,0.11111111111111108,0.41555532754172103,0.043125071666093334
solar_flare_m0,Borderline_SMOTE1,0.5,0.5165773137697517,0.07142857142857142,0.0625,0.06666666666666668,0.2463045152270233,0.03714402427637722
solar_flare_m0,ADASYN,0.1,0.5120626410835214,0.05555555555555555,0.0625,0.05882352941176471,0.24515623617489354,0.03615196078431373
solar_flare_m0,No Oversampling,0.0,0.492099322799097,0.0,0.0,0.0,0.0,0.034858387799564274
solar_flare_m0,Random_SMOTE,0.1,0.4887133182844244,0.0,0.0,0.0,0.0,0.034858387799564274
solar_flare_m0,SMOTE,0.1,0.4887133182844244,0.0,0.0,0.0,0.0,0.034858387799564274
solar_flare_m0,polynom_fit_SMOTE,0.1,0.4932279909706546,0.0,0.0,0.0,0.0,0.034858387799564274
