name,oversampler,proportion,balanced acc,precision,recall,f1_score,geometric mean,average precision
spectrometer,RandomOverSampler,0.3,0.9317425083240845,0.8333333333333334,0.8823529411764706,0.8571428571428571,0.9304325727719488,0.7466577540106952
spectrometer,SVM_balance,0.3,0.9317425083240845,0.8333333333333334,0.8823529411764706,0.8571428571428571,0.9304325727719488,0.7466577540106952
spectrometer,SMOTE,1.0,0.954864964853866,0.7619047619047619,0.9411764705882352,0.8421052631578947,0.954766843910132,0.7227686529157117
spectrometer,Random_SMOTE,0.3,0.9023307436182021,0.8235294117647058,0.8235294117647058,0.8235294117647058,0.8988832632643087,0.6952461465869771
spectrometer,No Oversampling,0.0,0.8729189789123196,0.8125,0.7647058823529411,0.787878787878788,0.8661855860486004,0.6440508021390374
spectrometer,polynom_fit_SMOTE,0.5,0.8729189789123196,0.8125,0.7647058823529411,0.787878787878788,0.8661855860486004,0.6440508021390374
spectrometer,Borderline_SMOTE1,0.1,0.8960414354421014,0.7368421052631579,0.8235294117647058,0.7777777777777778,0.8931026035407972,0.6238566000562904
spectrometer,ADASYN,0.1,0.8634850166481687,0.6842105263157895,0.7647058823529411,0.7222222222222222,0.8578164469184381,0.5459470869687587
