name,oversampler,proportion,balanced acc,precision,recall,f1_score,geometric mean,average precision
thyroid_sick,ADASYN,0.1,0.9424624463519312,0.9594594594594594,0.8875,0.9220779220779219,0.9408584337054527,0.8587491859329208
thyroid_sick,Borderline_SMOTE1,0.5,0.9362124463519312,0.9589041095890408,0.875,0.915032679738562,0.9342091741766828,0.8470732244044671
thyroid_sick,No Oversampling,0.0,0.9362124463519312,0.9589041095890408,0.875,0.915032679738562,0.9342091741766828,0.8470732244044671
thyroid_sick,SMOTE,0.9,0.9362124463519312,0.9589041095890408,0.875,0.915032679738562,0.9342091741766828,0.8470732244044671
thyroid_sick,polynom_fit_SMOTE,0.1,0.9303916309012876,0.9718309859154928,0.8625,0.913907284768212,0.9279112637018267,0.8470395667175745
thyroid_sick,RandomOverSampler,0.5,0.9357832618025752,0.945945945945946,0.875,0.9090909090909092,0.9338071043606953,0.8357348312167591
thyroid_sick,Random_SMOTE,0.7,0.9357832618025752,0.945945945945946,0.875,0.9090909090909092,0.9338071043606953,0.8357348312167591
thyroid_sick,synthsonic,0.1,0.9644581545064378,0.8823529411764706,0.9375,0.9090909090909092,0.9640813190284162,0.8312219466099693
thyroid_sick,SVM_balance,0.3,0.9164163090128756,0.7727272727272727,0.85,0.8095238095238095,0.9140064142673664,0.6664567360350492
