name,oversampler,proportion,balanced acc,precision,recall,f1_score,geometric mean,average precision
us_crime,SMOTE,1.0,0.7317372881355932,0.5263157894736842,0.5084745762711864,0.5172413793103449,0.6968451910854971,0.3116242678401979
us_crime,SVM_balance,0.9,0.7249293785310735,0.5370370370370371,0.4915254237288136,0.5132743362831859,0.6863273255088371,0.30949087767328043
us_crime,RandomOverSampler,0.5,0.7113135593220339,0.5625,0.4576271186440678,0.5046728971962616,0.6645375606325992,0.30597367608857795
us_crime,Random_SMOTE,0.9,0.7096468926553672,0.54,0.4576271186440678,0.4954128440366973,0.6633888345176695,0.2956770659190865
us_crime,ADASYN,0.1,0.7147881355932203,0.509090909090909,0.4745762711864407,0.4912280701754386,0.6732164131860207,0.2886434364997159
us_crime,polynom_fit_SMOTE,0.1,0.6960310734463278,0.5681818181818182,0.42372881355932196,0.4854368932038835,0.6405550206370073,0.2923483309211557
us_crime,Borderline_SMOTE1,1.0,0.7063135593220339,0.5,0.4576271186440678,0.4778761061946903,0.66108539410963,0.2773719811733237
us_crime,No Oversampling,0.0,0.6654661016949153,0.5833333333333334,0.3559322033898305,0.4421052631578947,0.5890958311727258,0.2652902445924745
