name,oversampler,proportion,balanced acc,precision,recall,f1_score,geometric mean,average precision
webpage,polynom_fit_SMOTE,0.7,0.8480603893688257,0.8825910931174089,0.6987179487179487,0.7799642218246869,0.8348073187489694,0.6248718182059416
webpage,Borderline_SMOTE1,0.1,0.8586962137808457,0.8426966292134831,0.7211538461538461,0.7772020725388602,0.8476091579667595,0.6152936330190423
webpage,SVM_balance,0.1,0.8661269099877376,0.8070175438596491,0.7371794871794872,0.7705192629815746,0.8564743932868143,0.6020608808871939
webpage,No Oversampling,0.0,0.8446761459926425,0.8674698795180723,0.6923076923076923,0.7700534759358288,0.8308198637073148,0.6089198968861896
webpage,RandomOverSampler,0.3,0.8978552680527425,0.7191977077363897,0.8044871794871795,0.7594553706505296,0.8929873920765484,0.5838998501143126
webpage,SMOTE,0.1,0.8349264249989667,0.8536585365853658,0.6730769230769231,0.7526881720430108,0.81908905125703,0.5834644267669908
webpage,Random_SMOTE,0.1,0.833234303310875,0.8461538461538461,0.6698717948717948,0.7477638640429337,0.8170630912300779,0.5757882844567069
webpage,synthsonic,0.1,0.8773353862687554,0.7234042553191491,0.7628205128205128,0.7425897035881435,0.8698297096319941,0.5582747212414327
webpage,ADASYN,0.1,0.8208521059810691,0.7593984962406015,0.6474358974358975,0.6989619377162629,0.8023247462887915,0.5012453980663187
