name,oversampler,proportion,balanced acc,precision,recall,f1_score,geometric mean,average precision
wine_quality,Random_SMOTE,1.0,0.6705637411915439,0.4444444444444444,0.35714285714285715,0.396039603960396,0.592809480729635,0.18099360956503813
wine_quality,RandomOverSampler,0.3,0.6469811018577835,0.53125,0.3035714285714285,0.3863636363636364,0.548319562348883,0.18539105983302406
wine_quality,SMOTE,0.7,0.6619554772581678,0.4418604651162791,0.3392857142857143,0.3838383838383838,0.5779872645096857,0.17279882354633186
wine_quality,Borderline_SMOTE1,1.0,0.6616351697629725,0.4318181818181818,0.3392857142857143,0.38,0.5777992094324745,0.16939162028447746
wine_quality,synthsonic,0.3,0.6370916079436258,0.4705882352941176,0.2857142857142857,0.3555555555555556,0.5314317400524108,0.1591909491069155
wine_quality,SVM_balance,0.3,0.6858183856502242,0.27380952380952384,0.4107142857142857,0.32857142857142857,0.6282233617864882,0.13286564625850342
wine_quality,polynom_fit_SMOTE,0.9,0.6329276105060858,0.3404255319148936,0.2857142857142857,0.3106796116504854,0.5291883097990425,0.12200160528428006
wine_quality,ADASYN,0.1,0.6249599615631005,0.3488372093023256,0.26785714285714285,0.30303030303030304,0.5128864693372326,0.11879413499014828
wine_quality,No Oversampling,0.0,0.5864029468289558,0.5263157894736842,0.17857142857142858,0.26666666666666666,0.4213571748118731,0.12243270513947205
