name,oversampler,proportion,balanced acc,precision,recall,f1_score,geometric mean,average precision
yeast_ml8,synthsonic,1.0,0.5620108902114728,0.5384615384615384,0.1320754716981132,0.2121212121212121,0.361955489838232,0.1287616719592886
yeast_ml8,SMOTE,0.9,0.5647334430796506,0.3333333333333333,0.1509433962264151,0.20779220779220767,0.3843197351916684,0.10670544285241404
yeast_ml8,SVM_balance,0.9,0.5647334430796506,0.3333333333333333,0.1509433962264151,0.20779220779220767,0.3843197351916684,0.10670544285241404
yeast_ml8,Random_SMOTE,0.7,0.5384449791059897,0.2777777777777778,0.09433962264150944,0.14084507042253522,0.304455953930953,0.08635582667360224
yeast_ml8,Borderline_SMOTE1,0.7,0.5249461820944663,0.375,0.05660377358490566,0.09836065573770493,0.2371157575679449,0.08388305669834964
yeast_ml8,polynom_fit_SMOTE,0.5,0.5175256426491073,0.5,0.03773584905660377,0.07017543859649122,0.19399624935506965,0.0827776989643921
yeast_ml8,ADASYN,0.1,0.5027605419779664,0.07692307692307693,0.03773584905660377,0.05063291139240506,0.19110258382180734,0.06681253205582897
yeast_ml8,RandomOverSampler,0.3,0.5094339622641509,1.0,0.018867924528301886,0.037037037037037035,0.137360563948689,0.0840308317964723
yeast_ml8,No Oversampling,0.0,0.5,0.0,0.0,0.0,0.0,0.06641604010025062
