name,oversampler,proportion,balanced acc,precision,recall,f1_score,geometric mean,average precision
yeast_me2,SMOTE,0.3,0.7251648228852385,0.45,0.4736842105263158,0.4615384615384616,0.6801628642889588,0.23356605800214825
yeast_me2,Random_SMOTE,0.9,0.7703654039557493,0.3793103448275862,0.5789473684210527,0.4583333333333334,0.7462050598085906,0.235927256565058
yeast_me2,Borderline_SMOTE1,0.3,0.7461727567325958,0.38461538461538464,0.5263157894736842,0.4444444444444444,0.7130474716578381,0.22079649673634635
yeast_me2,SVM_balance,0.5,0.744049614482065,0.35714285714285715,0.5263157894736842,0.425531914893617,0.7114786084332609,0.2063372717508056
yeast_me2,RandomOverSampler,0.5,0.6757179573136664,0.4666666666666667,0.3684210526315789,0.4117647058823529,0.6018001081829097,0.1964196204797708
yeast_me2,ADASYN,0.1,0.7187953961336462,0.3461538461538461,0.4736842105263158,0.4,0.6757124596994599,0.1843757746013385
yeast_me2,polynom_fit_SMOTE,0.3,0.6494021678399822,0.42857142857142855,0.3157894736842105,0.3636363636363637,0.5571586362010338,0.16186895810955962
yeast_me2,synthsonic,0.1,0.6241479494915633,0.4166666666666667,0.2631578947368421,0.3225806451612903,0.5091628847654811,0.1382205513784461
yeast_me2,No Oversampling,0.0,0.5967705888926137,0.3333333333333333,0.21052631578947367,0.2580645161290323,0.4549181214924988,0.1007876834944504
